14078280	.codex/temp/char_photos/stained-glass-odyssey-endless-20251228-141028/Experimentation/Python-idle-game/idle_game/assets/characters/lady_echo/lady_echo_zoomed_out.png
2567960	.codex/temp/char_photos/stained-glass-odyssey-endless-20251228-141028/frontend/src/lib/assets/characters/player/player18.png
2567960	.codex/temp/char_photos/stained-glass-odyssey-endless-20251228-141028/Experimentation/Python-idle-game/idle_game/assets/characters/player/player18.png
2151003	.codex/temp/char_photos/stained-glass-odyssey-endless-20251228-141028/frontend/src/lib/assets/characters/lady_storm/20250918_2113_Colorful Dress Elegance_simple_compose_01k5g2r7h1fxyv5hawkpq451ed.png
2151003	.codex/temp/char_photos/stained-glass-odyssey-endless-20251228-141028/Experimentation/Python-idle-game/idle_game/assets/characters/lady_storm/20250918_2113_Colorful Dress Elegance_simple_compose_01k5g2r7h1fxyv5hawkpq451ed.png
1970591	.codex/temp/char_photos/stained-glass-odyssey-endless-20251228-141028/frontend/src/lib/assets/characters/ryne/20251014_1729_Luna and Ryne's Park Stroll_simple_compose_01k7jm8e5tfpytmsbxfw66sa7f.png
1970591	.codex/temp/char_photos/stained-glass-odyssey-endless-20251228-141028/Experimentation/Python-idle-game/idle_game/assets/characters/ryne/20251014_1729_Luna and Ryne's Park Stroll_simple_compose_01k7jm8e5tfpytmsbxfw66sa7f.png
1962190	.codex/temp/char_photos/stained-glass-odyssey-endless-20251228-141028/frontend/src/lib/assets/characters/ryne/20251014_1729_Luna and Ryne's Park Stroll_simple_compose_01k7jm8e5vfymbkzesm6wc68gq.png
1962190	.codex/temp/char_photos/stained-glass-odyssey-endless-20251228-141028/Experimentation/Python-idle-game/idle_game/assets/characters/ryne/20251014_1729_Luna and Ryne's Park Stroll_simple_compose_01k7jm8e5vfymbkzesm6wc68gq.png
1958901	.codex/temp/char_photos/stained-glass-odyssey-endless-20251228-141028/Experimentation/Python-idle-game/idle_game/assets/characters/lady_echo/lady_echo_hat.png
1956122	.codex/temp/char_photos/stained-glass-odyssey-endless-20251228-141028/frontend/src/lib/assets/characters/player/player9.png
1956122	.codex/temp/char_photos/stained-glass-odyssey-endless-20251228-141028/Experimentation/Python-idle-game/idle_game/assets/characters/player/player9.png
1910755	.codex/temp/char_photos/stained-glass-odyssey-endless-20251228-141028/Experimentation/Python-idle-game/idle_game/assets/characters/lady_echo/lady_echo_hat_2.png
1895468	.codex/temp/char_photos/stained-glass-odyssey-endless-20251228-141028/frontend/src/lib/assets/characters/luna/20250908_0331_Serene Stroll_simple_compose_01k4me0f3be91t8x9f207f79h8.png
1895468	.codex/temp/char_photos/stained-glass-odyssey-endless-20251228-141028/Experimentation/Python-idle-game/idle_game/assets/characters/luna/20250908_0331_Serene Stroll_simple_compose_01k4me0f3be91t8x9f207f79h8.png
1894400	.codex/temp/char_photos/stained-glass-odyssey-endless-20251228-141028/frontend/src/lib/assets/characters/player/player16.png
1894400	.codex/temp/char_photos/stained-glass-odyssey-endless-20251228-141028/Experimentation/Python-idle-game/idle_game/assets/characters/player/player16.png
1877638	.codex/temp/char_photos/stained-glass-odyssey-endless-20251228-141028/frontend/src/lib/assets/characters/player/player4.png
1877638	.codex/temp/char_photos/stained-glass-odyssey-endless-20251228-141028/Experimentation/Python-idle-game/idle_game/assets/characters/player/player4.png
1877260	.codex/temp/char_photos/stained-glass-odyssey-endless-20251228-141028/frontend/src/lib/assets/characters/player/player10.png
1877260	.codex/temp/char_photos/stained-glass-odyssey-endless-20251228-141028/Experimentation/Python-idle-game/idle_game/assets/characters/player/player10.png
1859473	.codex/temp/char_photos/stained-glass-odyssey-endless-20251228-141028/frontend/src/lib/assets/characters/player/player6.png
1859473	.codex/temp/char_photos/stained-glass-odyssey-endless-20251228-141028/Experimentation/Python-idle-game/idle_game/assets/characters/player/player6.png
1853909	.codex/temp/char_photos/stained-glass-odyssey-endless-20251228-141028/Experimentation/Python-idle-game/idle_game/assets/characters/lady_echo/lady_echo.png
1850314	.codex/temp/char_photos/stained-glass-odyssey-endless-20251228-141028/Experimentation/Python-idle-game/idle_game/assets/characters/lady_echo/lady_echo_lab.png
1849147	.codex/temp/char_photos/stained-glass-odyssey-endless-20251228-141028/frontend/src/lib/assets/characters/player/player2.png
1849147	.codex/temp/char_photos/stained-glass-odyssey-endless-20251228-141028/Experimentation/Python-idle-game/idle_game/assets/characters/player/player2.png
1803899	.codex/temp/char_photos/stained-glass-odyssey-endless-20251228-141028/frontend/src/lib/assets/characters/player/player11.png
1803899	.codex/temp/char_photos/stained-glass-odyssey-endless-20251228-141028/Experimentation/Python-idle-game/idle_game/assets/characters/player/player11.png
1796390	.codex/temp/char_photos/stained-glass-odyssey-endless-20251228-141028/frontend/src/lib/assets/characters/ryne/20251014_1739_Two Magical Friends_simple_compose_01k7jmv23mepcafhr1n5hvvz5a.png
1796390	.codex/temp/char_photos/stained-glass-odyssey-endless-20251228-141028/Experimentation/Python-idle-game/idle_game/assets/characters/ryne/20251014_1739_Two Magical Friends_simple_compose_01k7jmv23mepcafhr1n5hvvz5a.png
1790536	.codex/temp/char_photos/stained-glass-odyssey-endless-20251228-141028/frontend/src/lib/assets/characters/luna/20250908_0718_Luna's Market Stroll_simple_compose_01k4mtygf1eks91pqg7t947ed9.png
1790536	.codex/temp/char_photos/stained-glass-odyssey-endless-20251228-141028/Experimentation/Python-idle-game/idle_game/assets/characters/luna/20250908_0718_Luna's Market Stroll_simple_compose_01k4mtygf1eks91pqg7t947ed9.png
1789624	.codex/temp/char_photos/stained-glass-odyssey-endless-20251228-141028/frontend/src/lib/assets/characters/lady_wind/lady_wind1.png
1789624	.codex/temp/char_photos/stained-glass-odyssey-endless-20251228-141028/Experimentation/Python-idle-game/idle_game/assets/characters/lady_wind/lady_wind1.png
1781509	.codex/temp/char_photos/stained-glass-odyssey-endless-20251228-141028/frontend/src/lib/assets/characters/ryne/20251014_1739_Two Magical Friends_simple_compose_01k7jmv23ke78bm35v7vx5n89v.png
1781509	.codex/temp/char_photos/stained-glass-odyssey-endless-20251228-141028/Experimentation/Python-idle-game/idle_game/assets/characters/ryne/20251014_1739_Two Magical Friends_simple_compose_01k7jmv23ke78bm35v7vx5n89v.png
1776777	.codex/temp/char_photos/stained-glass-odyssey-endless-20251228-141028/frontend/src/lib/assets/characters/luna/20250908_0416_Luna in House of Crystals_simple_compose_01k4mghgb2es4vz45z0cjd5q40.png
1776777	.codex/temp/char_photos/stained-glass-odyssey-endless-20251228-141028/Experimentation/Python-idle-game/idle_game/assets/characters/luna/20250908_0416_Luna in House of Crystals_simple_compose_01k4mghgb2es4vz45z0cjd5q40.png
1772126	.codex/temp/char_photos/stained-glass-odyssey-endless-20251228-141028/frontend/src/lib/assets/characters/player/player17.png
1772126	.codex/temp/char_photos/stained-glass-odyssey-endless-20251228-141028/Experimentation/Python-idle-game/idle_game/assets/characters/player/player17.png
1722984	.codex/temp/char_photos/stained-glass-odyssey-endless-20251228-141028/frontend/src/lib/assets/characters/player/player13.png
1722984	.codex/temp/char_photos/stained-glass-odyssey-endless-20251228-141028/Experimentation/Python-idle-game/idle_game/assets/characters/player/player13.png
1694712	.codex/temp/char_photos/stained-glass-odyssey-endless-20251228-141028/frontend/src/lib/assets/characters/player/player8.png
1694712	.codex/temp/char_photos/stained-glass-odyssey-endless-20251228-141028/Experimentation/Python-idle-game/idle_game/assets/characters/player/player8.png
1671930	.codex/temp/char_photos/stained-glass-odyssey-endless-20251228-141028/frontend/src/lib/assets/characters/player/player12.png
1671930	.codex/temp/char_photos/stained-glass-odyssey-endless-20251228-141028/Experimentation/Python-idle-game/idle_game/assets/characters/player/player12.png
1651152	.codex/temp/char_photos/stained-glass-odyssey-endless-20251228-141028/frontend/src/lib/assets/characters/lady_wind/lady_wind2.png
1651152	.codex/temp/char_photos/stained-glass-odyssey-endless-20251228-141028/Experimentation/Python-idle-game/idle_game/assets/characters/lady_wind/lady_wind2.png
1632488	.codex/temp/char_photos/stained-glass-odyssey-endless-20251228-141028/frontend/src/lib/assets/characters/player/player7.png
1632488	.codex/temp/char_photos/stained-glass-odyssey-endless-20251228-141028/Experimentation/Python-idle-game/idle_game/assets/characters/player/player7.png
1628134	.codex/temp/char_photos/stained-glass-odyssey-endless-20251228-141028/frontend/src/lib/assets/characters/ryne/20251014_1725_Starlit Duel_simple_compose_01k7jm1gxjec1bnmk89400fk4t.png
1628134	.codex/temp/char_photos/stained-glass-odyssey-endless-20251228-141028/Experimentation/Python-idle-game/idle_game/assets/characters/ryne/20251014_1725_Starlit Duel_simple_compose_01k7jm1gxjec1bnmk89400fk4t.png
1624945	.codex/temp/char_photos/stained-glass-odyssey-endless-20251228-141028/frontend/src/lib/assets/characters/luna/20250908_0412_Luna's Rooftop Soar_simple_compose_01k4mgbey8exrag9p7zhm69dj4.png
1624945	.codex/temp/char_photos/stained-glass-odyssey-endless-20251228-141028/Experimentation/Python-idle-game/idle_game/assets/characters/luna/20250908_0412_Luna's Rooftop Soar_simple_compose_01k4mgbey8exrag9p7zhm69dj4.png
1611786	.codex/temp/char_photos/stained-glass-odyssey-endless-20251228-141028/frontend/src/lib/assets/characters/player/player14.png
1611786	.codex/temp/char_photos/stained-glass-odyssey-endless-20251228-141028/Experimentation/Python-idle-game/idle_game/assets/characters/player/player14.png
1609152	.codex/temp/char_photos/stained-glass-odyssey-endless-20251228-141028/frontend/src/lib/assets/characters/player/player5.png
1609152	.codex/temp/char_photos/stained-glass-odyssey-endless-20251228-141028/Experimentation/Python-idle-game/idle_game/assets/characters/player/player5.png
1590812	.codex/temp/char_photos/stained-glass-odyssey-endless-20251228-141028/frontend/src/lib/assets/characters/lady_storm/lady_storm.png
1590812	.codex/temp/char_photos/stained-glass-odyssey-endless-20251228-141028/Experimentation/Python-idle-game/idle_game/assets/characters/lady_storm/lady_storm.png
1590747	.codex/temp/char_photos/stained-glass-odyssey-endless-20251228-141028/frontend/src/lib/assets/characters/player/player1.png
1590747	.codex/temp/char_photos/stained-glass-odyssey-endless-20251228-141028/Experimentation/Python-idle-game/idle_game/assets/characters/player/player1.png
1580394	.codex/temp/char_photos/stained-glass-odyssey-endless-20251228-141028/frontend/src/lib/assets/characters/ryne/20251014_1725_Starlit Duel_simple_compose_01k7jm1gxkeqmassmf4a0ame2e.png
1580394	.codex/temp/char_photos/stained-glass-odyssey-endless-20251228-141028/Experimentation/Python-idle-game/idle_game/assets/characters/ryne/20251014_1725_Starlit Duel_simple_compose_01k7jm1gxkeqmassmf4a0ame2e.png
1555119	.codex/temp/char_photos/stained-glass-odyssey-endless-20251228-141028/frontend/src/lib/assets/characters/player/player15.png
1555119	.codex/temp/char_photos/stained-glass-odyssey-endless-20251228-141028/Experimentation/Python-idle-game/idle_game/assets/characters/player/player15.png
1485262	.codex/temp/char_photos/stained-glass-odyssey-endless-20251228-141028/frontend/src/lib/assets/characters/player/player3.png
1485262	.codex/temp/char_photos/stained-glass-odyssey-endless-20251228-141028/Experimentation/Python-idle-game/idle_game/assets/characters/player/player3.png
795591	.codex/temp/char_photos/stained-glass-odyssey-endless-20251228-141028/frontend/src/lib/assets/characters/ixia/ixia.png
795591	.codex/temp/char_photos/stained-glass-odyssey-endless-20251228-141028/Experimentation/Python-idle-game/idle_game/assets/characters/ixia/ixia.png
